{"count":407,"keys":{"MLActivityTracker.model.ActivitysetEndTime(java.lang.String)V":"bK","MLActivityTracker.model.PlacesgetPlaceTypeID(":"cN","LActivityTracker.API.RecordsApiDelegate":"K","Ljava.lang.Object":"X","FActivityTracker.Records.RecordscalorieIdle":"dT","FActivityTracker.DAO.RecordDaoinstance":"dH","MLActivityTracker.model.PlacesgetType(":"cZ","LActivityTracker.API.SegmentTypesApiController$722;":"gs","MLActivityTracker.model.RecordgetLastupdated(":"dt","MLActivityTracker.model.SegmentTypessetEndTime(java.lang.String)V":"ei","MLActivityTracker.Records.RecordsgetCalorieIdle(":"dM","MLActivityTracker.NumberConverterNumberConverter(java.lang.Object)Vjava.lang.String)V":"cH","MLActivityTracker.API.PlacesApigetDelegate(":"c;","Ljava.lang.RuntimeException":"f1","MLjava.lang.Objectwait(long)Vint)V":"be","MLActivityTracker.model.ActivitysetActivityTypeID(java.lang.Integer)V":"bs","FActivityTracker.model.Recorddate":"dz","FActivityTracker.model.ActivitysegmentID":"b4","MLjava.sql.TimestampvalueOf(java.lang.String)V":"gh","LActivityTracker.API.ActivitiesApi$925;":"e7","LActivityTracker.model.Places":"y","LActivityTracker.NumberConverter":"x","MLActivityTracker.model.SegmentTypesendTime(java.lang.String)V":"eg","MLjava.lang.ObjecthashCode(":"8","MLActivityTracker.model.ActivitysetCalories(java.math.BigDecimal)V":"bV","MLjava.lang.StringtoLowerCase(":"fv","MLActivityTracker.API.SegmentTypesApigetAllSegmentTypes(":"ex","MLActivityTracker.API.PlacesApiDelegategetAllPlaces(":"de","MLActivityTracker.model.SegmentTypesdate(java.lang.String)V":"d9","MLjava.sql.DatevalueOf(java.lang.String)V":"gg","Lorg.springframework.http.HttpStatus":"fg","MLjava.sql.PreparedStatementsetBigDecimal(int)Vjava.math.BigDecimal)V":"fz","Ljava.lang.StringBuilder":"fk","MLActivityTracker.API.PlacesApiDelegategetRequest(":"dd","FActivityTracker.DateTimeConverteryear":"cB","MLActivityTracker.API.RecordsApiDelegateImplgetAllRecords(":"d4","MLActivityTracker.model.ActivitystartTime(java.lang.String)V":"bF","MLActivityTracker.DateTimeConverterDateTimeConvert(":"cz","MLActivityTracker.API.PlacesApigetAllPlaces(":"c.","Pex-Pjava.math":"bM","MLActivityTracker.DAO.PlacesDaoPlacesDao(":"dg","MLActivityTracker.model.ActivitysetDistance(java.math.BigDecimal)V":"bS","MLjava.util.Optionalempty(":"fb","Ljava.time.LocalDate":"dK","LActivityTracker.model.SegmentTypes":"M","MLActivityTracker.model.ActivitytoString(":"b1","MLjava.sql.ResultSetnext(":"fE","MLActivityTracker.model.ActivitysegmentID(java.lang.Integer)V":"bt","MLjava.util.ArrayListArrayList(":"fD","MLActivityTracker.API.SegmentTypesApiDelegategetRequest(":"eB","MLjava.util.Objectsequals(java.lang.Object)Vjava.lang.Object)V":"fi","MLActivityTracker.Student.StudentStudent(":"eK","MLActivityTracker.model.ActivityactivityType(java.lang.String)V":"bC","FActivityTracker.model.ActivitystartTime":"b8","LActivityTracker.API.PlacesApiDelegate":"B","LActivityTracker.API.SegmentTypesApiDelegate":"P","MLActivityTracker.API.PlacesApiControllergetDelegate(":"db","MLjavax.servlet.http.HttpServletResponsesetCharacterEncoding(java.lang.String)V":"fU","Ljava.util.List":"4","FActivityTracker.model.SegmentTypesstartTime":"et","Ljava.util.ArrayList":"ch","MLActivityTracker.model.RecordcalorieIdle(java.lang.Integer)V":"dp","FActivityTracker.model.SegmentTypesendTime":"eu","MLjava.lang.Objectfinalize(":"bf","MLActivityTracker.model.SegmentTypesstartTime(java.lang.String)V":"ed","FActivityTracker.model.ActivitysummaryID":"b5","LActivityTracker.API.ActivitiesApiDelegate":"m","FActivityTracker.model.Activitysteps":"cb","MLActivityTracker.model.SegmentTypessegmentID(java.lang.Integer)V":"d6","Pex-Porg.springframework.boot":"fK","MLjava.lang.ClassforName(java.lang.String)V":"f6","MLActivityTracker.model.ActivitysummaryID(java.lang.Integer)V":"bw","MLorg.springframework.http.ResponseEntityResponseEntity(org.springframework.http.HttpStatus)V":"ff","Ljava.lang.CharSequence":"fp","Ljava.sql.ResultSet":"fB","Pex-Pjava.sql":"cn","MLorg.springframework.http.ResponseEntityok(T)V":"ft","MLjava.sql.ResultSetgetBigDecimal(java.lang.String)V":"fH","MLActivityTracker.model.Placestype(java.lang.String)V":"cY","FActivityTracker.DateTimeConvertersec":"cG","MLActivityTracker.model.PlacessetPlaceID(java.lang.Integer)V":"cU","MLActivityTracker.model.SegmentTypesgetDate(":"d;","MLActivityTracker.model.Recorddate(java.lang.String)V":"dm","MLActivityTracker.model.SegmentTypesgetSegmentID(":"d7","Ljava.io.PrintWriter":"fX","LActivityTracker.API.SegmentTypesApi$876;":"gr","MLjava.lang.Stringreplace(java.lang.CharSequence)Vjava.lang.CharSequence)V":"fo","MLActivityTracker.model.Activityequals(java.lang.Object)V":"bZ","FActivityTracker.model.PlacesplaceTypeID":"c5","FActivityTracker.DAO.ConnManagerschema":"cu","MLActivityTracker.model.ActivityplaceTypeID(java.lang.Integer)V":"bz","MLActivityTracker.model.ActivityhashCode(":"b0","LActivityTracker.model.Activity":"o","MLActivityTracker.DAO.RecordDaogetInstance(":"dD","FActivityTracker.model.Placesname":"c8","MLActivityTracker.DateTimeConverterDateTimeConverter(java.lang.Object)Vjava.lang.String)V":"cw","MLActivityTracker.model.Activityduration(java.math.BigDecimal)V":"bL","MLActivityTracker.model.RecordsetCalorieIdle(java.lang.Integer)V":"dr","MLActivityTracker.DAO.RecordDaoRecordDao(":"dC","MLActivityTracker.model.PlacessetType(java.lang.String)V":"c0","MLActivityTracker.model.ActivitygetEndTime(":"bJ","MLActivityTracker.model.Recordlastupdated(java.lang.String)V":"ds","FActivityTracker.DAO.ConnManageruser":"cq","FActivityTracker.model.SegmentTypestype":"es","MLjava.sql.ResultSetgetString(java.lang.String)V":"fG","Pex-__defaultpackage$1":"e9","MLActivityTracker.DAO.ActivityDaogetInstance(":"ce","byte":"f","LActivityTracker.API.PlacesApiController$692;":"gm","MLActivityTracker.model.Activitydistance(java.math.BigDecimal)V":"bQ","LActivityTracker.API.RecordsApiController$697;":"gq","MLActivityTracker.API.ActivitiesApiDelegategetActivitiesByDate(java.lang.String)V":"bn","MLActivityTracker.Student.StudentsetName(java.lang.String)V":"eT","MLjava.lang.ObjectnotifyAll(":"bb","MLActivityTracker.DateTimeConverterDateConvert(":"cx","MLjava.time.LocalDateof(int)Vint)Vint)V":"gu","MLActivityTracker.model.Placesequals(java.lang.Object)V":"c1","MLActivityTracker.model.ActivityendTime(java.lang.String)V":"bI","MLActivityTracker.model.PlacesgetName(":"cW","MLActivityTracker.model.ActivitysetStartTime(java.lang.String)V":"bH","FActivityTracker.NumberConverteraInt":"cK","MLActivityTracker.model.SegmentTypessetLastupdated(java.lang.String)V":"el","MLjavax.servlet.http.HttpServletResponsegetWriter(":"fZ","MLjavax.servlet.http.HttpServletResponseaddHeader(java.lang.String)Vjava.lang.String)V":"fV","FActivityTracker.model.Activityduration":"b;","MLActivityTracker.Student.StudentsetDob(java.time.LocalDate)V":"eW","Ljava.util.function.Consumer":"fe","MLActivityTracker.model.PlacessegmentID(java.lang.Integer)V":"cP","MLjava.lang.Objectequals(java.lang.Object)V":"9","MLActivityTracker.model.Placesname(java.lang.String)V":"cV","LActivityTracker.model.Record":"E","MLActivityTracker.model.PlacesgetPlaceID(":"cT","LActivityTracker.ActivityTrackerApplication":"t","MLorg.springframework.web.context.request.NativeWebRequestgetNativeResponse(java.lang.Class<T>)V":"fR","Pex-PActivityTracker.model":"gw","MLActivityTracker.model.ActivitygetDuration(":"bO","MLActivityTracker.model.SegmentTypessetDate(java.lang.String)V":"d.","MLActivityTracker.DAO.SegmentTypesDaoSegmentTypesDao(":"eE","MLActivityTracker.model.ActivitytoIndentedString(java.lang.Object)V":"b2","LActivityTracker.API.RecordsApiDelegateImpl":"L","MLActivityTracker.Records.RecordssetDate(java.time.LocalDate)V":"dO","FActivityTracker.DAO.ConnManagerhostName":"cs","LActivityTracker.API.PlacesApiController":"A","FActivityTracker.Student.StudentControllerss":"e5","LActivityTracker.DAO.RecordDao":"F","Pex-Pjava.util":"3","MLjava.util.Objectshash(java.lang.Object...)V":"fj","Ljava.lang.Class":"7","LActivityTracker.API.ActivitiesApi":"k","FActivityTracker.model.SegmentTypessegmentID":"eq","Pex-Pjavax.servlet.http":"fP","MLActivityTracker.DAO.RecordDaocreate(ActivityTracker.model.Record)V":"dE","LActivityTracker.DAO.ConnManager":"v","PActivityTracker.DAO":"q","Pex-Pjava.util.function":"fd","MLActivityTracker.model.SegmentTypesgetEndTime(":"eh","LActivityTracker.API.PlacesApi":"z","FActivityTracker.DAO.SegmentTypesDaoconnectionManager":"eI","MLActivityTracker.Records.RecordsgetDate(":"dL","Ljava.lang.ClassNotFoundException":"f7","MLjava.lang.ClassNotFoundExceptionprintStackTrace(":"f8","LTempArgsE":"fJ","void":"a","MLjava.lang.Objectwait(":"bc","MLjava.sql.SQLExceptionSQLException(java.lang.Throwable)V":"f9","MLActivityTracker.ActivityTrackerApplicationmain(java.lang.String[])V":"ck","MLActivityTracker.Records.RecordsRecords(java.time.LocalDate)Vint)Vjava.sql.Timestamp)V":"dI","FActivityTracker.DateTimeConverterday":"cD","MLActivityTracker.Student.StudentsetEmail(java.lang.String)V":"eV","MLActivityTracker.DAO.ConnManagergetConnection(":"cm","FActivityTracker.Student.Studentemail":"e1","Pex-Pjava.io":"fW","MLActivityTracker.API.ActivitiesApigetAllActivities(":"5","MLjava.lang.StringvalueOf(java.lang.Object)V":"gb","LTempArgsT":"e;","Ljava.lang.Double":"gj","MLjava.util.PropertiesProperties(":"f4","Ljava.util.Properties":"f3","MLjava.util.Propertiesput(java.lang.Object)Vjava.lang.Object)V":"f5","MLjava.sql.ResultSetgetInt(java.lang.String)V":"fF","Ljavax.servlet.ServletResponse":"fT","Lorg.springframework.web.context.request.NativeWebRequest":"bm","MLActivityTracker.DAO.ConnManagercloseConnection(java.sql.Connection)V":"cp","MLActivityTracker.Student.StudentgetName(":"eO","MLActivityTracker.model.ActivitygetSummaryID(":"bx","MLActivityTracker.model.RecordsetDate(java.lang.String)V":"do","FActivityTracker.DateTimeConverterhour":"cE","MLActivityTracker.model.RecordgetCalorieIdle(":"dq","MLActivityTracker.DAO.ActivityDaoActivityDao(":"cd","MLActivityTracker.Student.StudentgetAge(":"eP","FActivityTracker.DAO.ConnManagerport":"ct","LActivityTracker.API.ActivitiesApiController":"l","PActivityTracker.Records":"G","MLActivityTracker.API.RecordsApigetAllRecords(":"dW","MLActivityTracker.model.PlacesgetSegmentID(":"cQ","MLActivityTracker.model.ActivitygetDistance(":"bR","FActivityTracker.model.PlacesplaceID":"c7","MLActivityTracker.API.SegmentTypesApigetDelegate(":"ew","MLActivityTracker.model.RecordtoIndentedString(java.lang.Object)V":"dy","MLActivityTracker.API.ActivitiesApiDelegategetRequest(":"bj","FActivityTracker.DAO.SegmentTypesDaoinstance":"eJ","MLjava.util.OptionalifPresent(java.util.function.Consumer<? super T>)V":"fc","LActivityTracker.API.RecordsApiController":"J","MLActivityTracker.model.SegmentTypeshashCode(":"en","MLjava.io.PrintWriterprint(java.lang.String)V":"fY","Ljava.lang.IllegalArgumentException":"gc","MLActivityTracker.model.RecordgetDate(":"dn","MLActivityTracker.model.SegmentTypestoString(":"eo","Ljava.sql.Timestamp":"cA","FActivityTracker.model.PlacessegmentID":"c6","LActivityTracker.Student.StudentController":"U","MLjava.lang.StringBuilderappend(java.lang.String)V":"fm","Ljava.sql.Statement":"gn","MLActivityTracker.model.ActivitygetSteps(":"bX","FActivityTracker.DateTimeConvertermonth":"cC","MLActivityTracker.API.ActivitiesApiControllerActivitiesApiController(ActivityTracker.API.ActivitiesApiDelegate)V":"bg","Ljava.lang.Integer":"bq","MLActivityTracker.model.PlacesplaceID(java.lang.Integer)V":"cS","MLActivityTracker.DAO.ActivityDaocreate(ActivityTracker.model.Activity)V":"cf","FActivityTracker.DAO.RecordDaoconnectionManager":"dG","MLjava.util.OptionalorElse(T)V":"e8","FActivityTracker.API.SegmentTypesApiControllerdelegate":"eA","LActivityTracker.DAO.PlacesDao":"D","MLActivityTracker.model.ActivitygetSegmentID(":"bu","MLActivityTracker.model.ActivityactivityTypeID(java.lang.Integer)V":"bp","MLjava.sql.DriverManagergetConnection(java.lang.String)Vjava.util.Properties)V":"f.","MLActivityTracker.model.SegmentTypestoIndentedString(java.lang.Object)V":"ep","FActivityTracker.model.SegmentTypeslastupdated":"ev","MLjava.util.OptionalofNullable(T)V":"e.","MLjava.lang.StringBuilderStringBuilder(":"fl","long":"h","MLActivityTracker.API.ActivityApiDelegateImplgetAllActivities(":"cc","MLActivityTracker.model.ActivitysetActivityType(java.lang.String)V":"bE","Ljava.sql.SQLException":"fq","MLjava.lang.DoublevalueOf(java.lang.String)V":"gk","MLActivityTracker.model.ActivitysetDuration(java.math.BigDecimal)V":"bP","FActivityTracker.model.ActivityactivityTypeID":"b3","FActivityTracker.DAO.ActivityDaoinstance":"cj","Ljavax.servlet.http.HttpServletResponse":"fQ","MLjava.lang.Objectwait(long)V":"bd","FActivityTracker.API.PlacesApiControllerdelegate":"dc","MLActivityTracker.model.Activitysteps(java.lang.Integer)V":"bW","Lorg.springframework.context.ConfigurableApplicationContext":"fO","PActivityTracker.API":"j","Ljava.sql.Connection":"co","MLActivityTracker.model.PlacesplaceTypeID(java.lang.Integer)V":"cM","MLjava.lang.Objectnotify(":"ba","PActivityTracker.Student":"S","MLActivityTracker.API.SegmentTypesApiDelegateImplgetAllSegmentTypes(":"eD","MLActivityTracker.model.ActivitygetActivityTypeID(":"br","MLjava.util.Listof(E)V":"gt","MLjava.lang.IllegalArgumentExceptionIllegalArgumentException(java.lang.String)V":"gd","MLActivityTracker.API.ActivitiesApigetDelegate(":"Y","Pex-Pjava.lang":"W","MLActivityTracker.DAO.SegmentTypesDaogetInstance(":"eF","MLActivityTracker.API.RecordsApiDelegategetRequest(":"d1","MLjava.lang.Stringsubstring(int)Vint)V":"ge","MLActivityTracker.Records.RecordstoString(":"dR","MLActivityTracker.model.ActivitysetSegmentID(java.lang.Integer)V":"bv","MLActivityTracker.model.RecordsetLastupdated(java.lang.String)V":"du","MLjava.lang.IntegervalueOf(java.lang.String)V":"gi","MLActivityTracker.API.RecordsApiDelegateImplgetRecordByDate(java.lang.String)V":"d5","FActivityTracker.model.ActivityendTime":"b9","MLActivityTracker.DAO.PlacesDaocreate(ActivityTracker.model.Places)V":"di","MLjava.sql.PreparedStatementsetInt(int)Vint)V":"fx","MLActivityTracker.model.Activitycalories(java.math.BigDecimal)V":"bT","MLActivityTracker.DAO.PlacesDaogetInstance(":"dh","MLjava.lang.Stringformat(java.lang.String)Vjava.lang.Object...)V":"gf","MLjava.sql.PreparedStatementclose(":"go","MLActivityTracker.model.ActivitysetPlaceTypeID(java.lang.Integer)V":"bB","MLActivityTracker.model.SegmentTypesgetLastupdated(":"ek","MLActivityTracker.model.SegmentTypesequals(java.lang.Object)V":"em","Pex-Porg.springframework.context":"fN","MLActivityTracker.Student.StudentStudent(int)Vjava.lang.String)Vint)Vjava.lang.String)Vjava.time.LocalDate)V":"eM","MLjava.sql.Connectionclose(":"ga","Ljava.io.IOException":"f0","FActivityTracker.model.ActivityactivityType":"b7","MLActivityTracker.model.ActivitygetActivityType(":"bD","FActivityTracker.Records.Recordslastupdate":"dU","MLActivityTracker.API.ActivitiesApiDelegategetAllActivities(":"bo","FActivityTracker.model.ActivityplaceTypeID":"b6","MLActivityTracker.Student.StudentsetAge(int)V":"eU","FActivityTracker.DAO.ConnManagerpassword":"cr","Ljava.sql.DriverManager":"f;","FActivityTracker.DateTimeConvertermin":"cF","MLActivityTracker.API.SegmentTypesApiDelegategetAllSegmentTypes(":"eC","MLActivityTracker.Student.StudentgetEmail(":"eQ","FActivityTracker.Student.Studentage":"e0","MLjava.sql.PreparedStatementexecuteQuery(":"fC","Pex-Porg.springframework.http":"0","MLjava.lang.ObjectgetClass(":"6","Ljava.math.BigDecimal":"bN","MLjava.sql.PreparedStatementsetString(int)Vjava.lang.String)V":"fy","Pex-Pjavax.servlet":"fS","MLjava.sql.ConnectionprepareStatement(java.lang.String)V":"fw","FActivityTracker.DAO.PlacesDaoinstance":"dl","LActivityTracker.API.RecordsApi":"I","FActivityTracker.Student.Studentdob":"e2","MLActivityTracker.model.PlacestoIndentedString(java.lang.Object)V":"c4","MLActivityTracker.model.ActivitygetStartTime(":"bG","MLActivityTracker.model.SegmentTypeslastupdated(java.lang.String)V":"ej","short":"g","MLActivityTracker.API.RecordsApiControllerRecordsApiController(ActivityTracker.API.RecordsApiDelegate)V":"dY","FActivityTracker.model.SegmentTypesdate":"er","MLjava.lang.StringBuildertoString(":"fn","MLActivityTracker.Student.StudentControllerhello(":"e4","FActivityTracker.NumberConverteraDbl":"cL","MLActivityTracker.DAO.RecordDaogetAllRecords(":"dF","MLActivityTracker.API.RecordsApiControllergetDelegate(":"dZ","MLActivityTracker.Records.RecordssetCalorieIdle(int)V":"dP","LActivityTracker.API.SegmentTypesApiDelegateImpl":"Q","MLActivityTracker.model.PlaceshashCode(":"c2","MLActivityTracker.DAO.ActivityDaogetAllActivity(":"cg","MLActivityTracker.Student.StudentStudent(java.lang.String)Vint)Vjava.lang.String)Vjava.time.LocalDate)V":"eL","MLActivityTracker.Student.StudentgetDob(":"eR","FActivityTracker.Student.Studentid":"eY","MLActivityTracker.model.ActivitygetCalories(":"bU","Ljava.lang.String":"2","double":"b","MLActivityTracker.API.ActivitiesApigetActivitiesByDate(java.lang.String)V":"Z","MLjava.util.ArrayListadd(E)V":"fI","MLjava.sql.PreparedStatementexecuteUpdate(":"fA","LActivityTracker.API.PlacesApi$846;":"gl","MLActivityTracker.model.SegmentTypessetType(java.lang.String)V":"ec","LActivityTracker.Student.Student":"T","MLActivityTracker.API.SegmentTypesApiControllerSegmentTypesApiController(ActivityTracker.API.SegmentTypesApiDelegate)V":"ey","LActivityTracker.API.SegmentTypesApiController":"O","MLjava.lang.Objectclone(":";","MLActivityTracker.API.SegmentTypesApiControllergetDelegate(":"ez","MLActivityTracker.model.PlacestoString(":"c3","MLActivityTracker.API.PlacesApiDelegateImplgetAllPlaces(":"df","Ljava.util.Optional":"bk","MLjava.lang.RuntimeExceptionRuntimeException(java.lang.Throwable)V":"f2","LActivityTracker.DAO.ActivityDao":"r","MLActivityTracker.API.RecordsApigetDelegate(":"dV","LActivityTracker.API.PlacesApiDelegateImpl":"C","FActivityTracker.DAO.PlacesDaoconnectionManager":"dk","FActivityTracker.Student.Studentname":"eZ","MLActivityTracker.model.ActivitygetPlaceTypeID(":"bA","FActivityTracker.model.RecordcalorieIdle":"dA","MLActivityTracker.model.SegmentTypesgetStartTime(":"ee","Lorg.springframework.boot.SpringApplication":"fL","MLActivityTracker.API.ActivitiesApiControllergetDelegate(":"bh","FActivityTracker.API.RecordsApiControllerdelegate":"d0","MLActivityTracker.DAO.PlacesDaogetAllPlaces(":"dj","LActivityTracker.API.ActivityApiDelegateImpl":"p","MLActivityTracker.Student.StudentServicegetStudents(":"e6","PActivityTracker":"s","Ljava.sql.PreparedStatement":"fu","MLActivityTracker.API.RecordsApiDelegategetAllRecords(":"d2","MLActivityTracker.model.RecordhashCode(":"dw","MLActivityTracker.DAO.SegmentTypesDaocreate(ActivityTracker.model.SegmentTypes)V":"eG","LActivityTracker.API.SegmentTypesApi":"N","char":"i","MLActivityTracker.Student.StudentsetId(int)V":"eS","MLActivityTracker.NumberConvertergetDbl(":"cJ","LActivityTracker.API.RecordsApi$911;":"gp","MLActivityTracker.model.ActivitysetSummaryID(java.lang.Integer)V":"by","float":"d","LActivityTracker.DateTimeConverter":"w","MLActivityTracker.API.RecordsApiDelegategetRecordByDate(java.lang.String)V":"d3","MLActivityTracker.model.SegmentTypestype(java.lang.String)V":"ea","Pex-Porg.springframework.web.context.request":"bl","MLActivityTracker.Records.RecordsgetLastupdate(":"dN","Pex-PActivityTracker.DAO":"gv","Ljava.lang.Throwable":"fr","LActivityTracker.Records.Records":"H","MLActivityTracker.NumberConvertergetInt(":"cI","FActivityTracker.model.Recordlastupdated":"dB","MLActivityTracker.model.PlacessetName(java.lang.String)V":"cX","MLActivityTracker.model.Recordequals(java.lang.Object)V":"dv","MLActivityTracker.model.RecordtoString(":"dx","Pex-Pjava.time":"dJ","LActivityTracker.API.ApiUtil":"u","MLActivityTracker.DAO.SegmentTypesDaogetAllSegmentTypes(":"eH","FActivityTracker.model.Placestype":"c9","FActivityTracker.model.Activitycalories":"ca","Ljava.util.Objects":"fh","MLActivityTracker.Student.StudenttoString(":"eX","FActivityTracker.API.ActivitiesApiControllerdelegate":"bi","MLActivityTracker.model.ActivitysetSteps(java.lang.Integer)V":"bY","FActivityTracker.DAO.ConnManagertimezone":"cv","MLjava.lang.ObjecttoString(":".","PActivityTracker.model":"n","MLActivityTracker.Student.StudentControllerStudentController(ActivityTracker.Student.StudentService)V":"e3","Ljava.sql.Date":"cy","FActivityTracker.DAO.ActivityDaoconnectionManager":"ci","MLActivityTracker.API.PlacesApiControllerPlacesApiController(ActivityTracker.API.PlacesApiDelegate)V":"da","MLActivityTracker.Records.RecordssetLastupdate(java.sql.Timestamp)V":"dQ","MLActivityTracker.model.SegmentTypessetStartTime(java.lang.String)V":"ef","MLActivityTracker.model.PlacessetSegmentID(java.lang.Integer)V":"cR","MLorg.springframework.boot.SpringApplicationrun(java.lang.Class<?>)Vjava.lang.String...)V":"fM","LActivityTracker.DAO.SegmentTypesDao":"R","LActivityTracker.API.ActivitiesApiController$712;":"fa","MLActivityTracker.API.ApiUtilsetExampleResponse(org.springframework.web.context.request.NativeWebRequest)Vjava.lang.String)Vjava.lang.String)V":"cl","LActivityTracker.Student.StudentService":"V","FActivityTracker.Records.Recordsdate":"dS","MLActivityTracker.model.SegmentTypessetSegmentID(java.lang.Integer)V":"d8","Lorg.springframework.http.ResponseEntity":"1","MLActivityTracker.Student.StudentgetId(":"eN","int":"c","MLActivityTracker.model.PlacessetPlaceTypeID(java.lang.Integer)V":"cO","boolean":"e","MLActivityTracker.model.SegmentTypesgetType(":"eb","FActivityTracker.model.Activitydistance":"b.","MLjava.sql.SQLExceptionprintStackTrace(":"fs","MLActivityTracker.API.RecordsApigetRecordByDate(java.lang.String)V":"dX"}}