{
	"info": {
		"_postman_id": "e7e6081e-ac72-4066-8e5b-59e206c9b0e4",
		"name": "DELETE REQUEST FOR END POINTS",
		"schema": "https://schema.getpostman.com/json/collection/v2.1.0/collection.json"
	},
	"item": [
		{
			"name": "Records",
			"event": [
				{
					"listen": "prerequest",
					"script": {
						"exec": [
							""
						],
						"type": "text/javascript"
					}
				},
				{
					"listen": "test",
					"script": {
						"exec": [
							"pm.test(\"Status code is 200\", function(){pm.response.to.have.status(200);});"
						],
						"type": "text/javascript"
					}
				}
			],
			"request": {
				"method": "DELETE",
				"header": [],
				"url": {
					"raw": "{{url}}/records/{2021-02-09}",
					"host": [
						"{{url}}"
					],
					"path": [
						"records",
						"{2021-02-09}"
					]
				}
			},
			"response": []
		}
	]
}