{
	"info": {
		"_postman_id": "c1531cc2-375d-4946-a409-c0e5aa56a8f2",
		"name": "GET REQUEST FOR END POINTS",
		"schema": "https://schema.getpostman.com/json/collection/v2.1.0/collection.json"
	},
	"item": [
		{
			"name": "Activity Summary",
			"event": [
				{
					"listen": "test",
					"script": {
						"exec": [
							"pm.test(\"Status code is 200\", function(){pm.response.to.have.status(200);});"
						],
						"type": "text/javascript"
					}
				}
			],
			"request": {
				"method": "GET",
				"header": [],
				"url": {
					"raw": "{{url}}/activitySummary",
					"host": [
						"{{url}}"
					],
					"path": [
						"activitySummary"
					]
				}
			},
			"response": []
		},
		{
			"name": "Activity Places",
			"event": [
				{
					"listen": "test",
					"script": {
						"exec": [
							"pm.test(\"Status code is 200\", function(){pm.response.to.have.status(200);});"
						],
						"type": "text/javascript"
					}
				}
			],
			"request": {
				"method": "GET",
				"header": [],
				"url": {
					"raw": "{{url}}/activityPlaces",
					"host": [
						"{{url}}"
					],
					"path": [
						"activityPlaces"
					]
				}
			},
			"response": []
		},
		{
			"name": "Activity Segment Types",
			"event": [
				{
					"listen": "test",
					"script": {
						"exec": [
							"pm.test(\"Status code is 200\", function(){pm.response.to.have.status(200);});"
						],
						"type": "text/javascript"
					}
				}
			],
			"request": {
				"method": "GET",
				"header": [],
				"url": {
					"raw": "{{url}}/activitySegmentTypes",
					"host": [
						"{{url}}"
					],
					"path": [
						"activitySegmentTypes"
					]
				}
			},
			"response": []
		},
		{
			"name": "Places",
			"event": [
				{
					"listen": "test",
					"script": {
						"exec": [
							"pm.test(\"Status code is 200\", function(){pm.response.to.have.status(200);});"
						],
						"type": "text/javascript"
					}
				}
			],
			"request": {
				"method": "GET",
				"header": [],
				"url": {
					"raw": "{{url}}/places",
					"host": [
						"{{url}}"
					],
					"path": [
						"places"
					]
				}
			},
			"response": []
		},
		{
			"name": "Records",
			"event": [
				{
					"listen": "test",
					"script": {
						"exec": [
							"pm.test(\"Status code is 200\", function(){pm.response.to.have.status(200);});"
						],
						"type": "text/javascript"
					}
				}
			],
			"request": {
				"method": "GET",
				"header": [],
				"url": {
					"raw": "{{url}}/records",
					"host": [
						"{{url}}"
					],
					"path": [
						"records"
					]
				}
			},
			"response": []
		},
		{
			"name": "Segment Types",
			"event": [
				{
					"listen": "test",
					"script": {
						"exec": [
							"pm.test(\"Status code is 200\", function(){pm.response.to.have.status(200);});"
						],
						"type": "text/javascript"
					}
				}
			],
			"request": {
				"method": "GET",
				"header": [],
				"url": {
					"raw": "{{url}}/segmentTypes",
					"host": [
						"{{url}}"
					],
					"path": [
						"segmentTypes"
					]
				}
			},
			"response": []
		},
		{
			"name": "Summary",
			"event": [
				{
					"listen": "test",
					"script": {
						"exec": [
							"pm.test(\"Status code is 200\", function(){pm.response.to.have.status(200);});"
						],
						"type": "text/javascript"
					}
				}
			],
			"request": {
				"method": "GET",
				"header": [],
				"url": {
					"raw": "{{url}}/summary",
					"host": [
						"{{url}}"
					],
					"path": [
						"summary"
					]
				}
			},
			"response": []
		},
		{
			"name": "Activity Summary by date and activity",
			"event": [
				{
					"listen": "test",
					"script": {
						"exec": [
							"pm.test(\"Status code is 200\", function(){pm.response.to.have.status(200);});"
						],
						"type": "text/javascript"
					}
				}
			],
			"request": {
				"method": "GET",
				"header": [],
				"url": {
					"raw": "{{url}}/activitySummary/{2013-02-09}/{walking}",
					"host": [
						"{{url}}"
					],
					"path": [
						"activitySummary",
						"{2013-02-09}",
						"{walking}"
					]
				}
			},
			"response": []
		}
	]
}