{
	"info": {
		"_postman_id": "83eb97f1-eb3f-4fe4-b9a3-323848e651e1",
		"name": "GET REQUEST FOR Activity Summary by date",
		"schema": "https://schema.getpostman.com/json/collection/v2.1.0/collection.json"
	},
	"item": [
		{
			"name": "Activity summary by date",
			"event": [
				{
					"listen": "prerequest",
					"script": {
						"exec": [
							"pm.globals.set(\"date\", JSON.stringify(pm.iterationData.get(\"date\")));\r",
							"pm.globals.set(\"year\", (pm.variables.get(\"date\").slice(0,4)));\r",
							"pm.globals.set(\"month\", (pm.variables.get(\"date\").slice(4,6)));\r",
							"pm.globals.set(\"day\", (pm.variables.get(\"date\").slice(6,8)));\r",
							"\r",
							""
						],
						"type": "text/javascript"
					}
				},
				{
					"listen": "test",
					"script": {
						"exec": [
							"pm.test(\"Status code is 200\", function(){pm.response.to.have.status(200);});"
						],
						"type": "text/javascript"
					}
				}
			],
			"request": {
				"method": "GET",
				"header": [
					{
						"key": "Content-Type",
						"value": "application/json",
						"type": "text",
						"disabled": true
					},
					{
						"key": "",
						"value": "",
						"type": "text",
						"disabled": true
					}
				],
				"url": {
					"raw": "{{url}}/activitySummary/{{value2}}",
					"host": [
						"{{url}}"
					],
					"path": [
						"activitySummary",
						"{{value2}}"
					]
				}
			},
			"response": []
		}
	]
}