{
	"info": {
		"_postman_id": "1dce7101-1821-4797-8eaf-10a98b7db044",
		"name": "POST REQUEST FOR ENDPOINTS",
		"schema": "https://schema.getpostman.com/json/collection/v2.1.0/collection.json"
	},
	"item": [
		{
			"name": "Places",
			"event": [
				{
					"listen": "prerequest",
					"script": {
						"exec": [
							"pm.globals.set(\"jsonbody\", JSON.stringify(pm.iterationData.toObject()));"
						],
						"type": "text/javascript"
					}
				},
				{
					"listen": "test",
					"script": {
						"exec": [
							"pm.test(\"Status code is 200\", function(){pm.response.to.have.status(200);});"
						],
						"type": "text/javascript"
					}
				}
			],
			"request": {
				"auth": {
					"type": "noauth"
				},
				"method": "POST",
				"header": [],
				"body": {
					"mode": "raw",
					"raw": "{{jsonbody}}",
					"options": {
						"raw": {
							"language": "json"
						}
					}
				},
				"url": {
					"raw": "localhost:8080/places",
					"host": [
						"localhost"
					],
					"port": "8080",
					"path": [
						"places"
					]
				}
			},
			"response": []
		},
		{
			"name": "Activity segment types",
			"event": [
				{
					"listen": "prerequest",
					"script": {
						"exec": [
							"pm.globals.set(\"jsonbody\", JSON.stringify(pm.iterationData.toObject()));"
						],
						"type": "text/javascript"
					}
				},
				{
					"listen": "test",
					"script": {
						"exec": [
							"pm.test(\"Status code is 200\", function(){pm.response.to.have.status(200);});"
						],
						"type": "text/javascript"
					}
				}
			],
			"request": {
				"method": "POST",
				"header": [],
				"body": {
					"mode": "raw",
					"raw": "{{jsonbody}}",
					"options": {
						"raw": {
							"language": "json"
						}
					}
				},
				"url": {
					"raw": "{{url}}/activitySegmentTypes",
					"host": [
						"{{url}}"
					],
					"path": [
						"activitySegmentTypes"
					]
				}
			},
			"response": []
		},
		{
			"name": "Activity Summary",
			"event": [
				{
					"listen": "prerequest",
					"script": {
						"exec": [
							"pm.globals.set(\"jsonbody\", JSON.stringify(pm.iterationData.toObject()));"
						],
						"type": "text/javascript"
					}
				},
				{
					"listen": "test",
					"script": {
						"exec": [
							"pm.test(\"Status code is 200\", function(){pm.response.to.have.status(200);});"
						],
						"type": "text/javascript"
					}
				}
			],
			"request": {
				"method": "POST",
				"header": [],
				"body": {
					"mode": "raw",
					"raw": "{{jsonbody}}",
					"options": {
						"raw": {
							"language": "json"
						}
					}
				},
				"url": {
					"raw": "{{url}}/activitySummary",
					"host": [
						"{{url}}"
					],
					"path": [
						"activitySummary"
					]
				}
			},
			"response": []
		},
		{
			"name": "Activity Places",
			"event": [
				{
					"listen": "prerequest",
					"script": {
						"exec": [
							"pm.globals.set(\"jsonbody\", JSON.stringify(pm.iterationData.toObject()));"
						],
						"type": "text/javascript"
					}
				},
				{
					"listen": "test",
					"script": {
						"exec": [
							"pm.test(\"Status code is 200\", function(){pm.response.to.have.status(200);});"
						],
						"type": "text/javascript"
					}
				}
			],
			"request": {
				"method": "POST",
				"header": [],
				"body": {
					"mode": "raw",
					"raw": "{{jsonbody}}",
					"options": {
						"raw": {
							"language": "json"
						}
					}
				},
				"url": {
					"raw": "{{url}}/activityPlaces",
					"host": [
						"{{url}}"
					],
					"path": [
						"activityPlaces"
					]
				}
			},
			"response": []
		},
		{
			"name": "Records",
			"event": [
				{
					"listen": "prerequest",
					"script": {
						"exec": [
							"pm.globals.set(\"jsonbody\", JSON.stringify(pm.iterationData.toObject()));"
						],
						"type": "text/javascript"
					}
				},
				{
					"listen": "test",
					"script": {
						"exec": [
							"pm.test(\"Status code is 200\", function(){pm.response.to.have.status(200);});"
						],
						"type": "text/javascript"
					}
				}
			],
			"request": {
				"method": "POST",
				"header": [],
				"body": {
					"mode": "raw",
					"raw": "{{jsonbody}}",
					"options": {
						"raw": {
							"language": "json"
						}
					}
				},
				"url": {
					"raw": "{{url}}/records",
					"host": [
						"{{url}}"
					],
					"path": [
						"records"
					]
				}
			},
			"response": []
		},
		{
			"name": "Segment Types",
			"event": [
				{
					"listen": "prerequest",
					"script": {
						"exec": [
							"pm.globals.set(\"jsonbody\", JSON.stringify(pm.iterationData.toObject()));"
						],
						"type": "text/javascript"
					}
				},
				{
					"listen": "test",
					"script": {
						"exec": [
							"pm.test(\"Status code is 200\", function(){pm.response.to.have.status(200);});"
						],
						"type": "text/javascript"
					}
				}
			],
			"request": {
				"method": "POST",
				"header": [],
				"body": {
					"mode": "raw",
					"raw": "{{jsonbody}}",
					"options": {
						"raw": {
							"language": "json"
						}
					}
				},
				"url": {
					"raw": "{{url}}/segmentTypes",
					"host": [
						"{{url}}"
					],
					"path": [
						"segmentTypes"
					]
				}
			},
			"response": []
		},
		{
			"name": "Summary",
			"event": [
				{
					"listen": "test",
					"script": {
						"exec": [
							"pm.test(\"Status code is 200\", function(){pm.response.to.have.status(200);});"
						],
						"type": "text/javascript"
					}
				},
				{
					"listen": "prerequest",
					"script": {
						"exec": [
							"pm.globals.set(\"jsonbody\", JSON.stringify(pm.iterationData.toObject()));"
						],
						"type": "text/javascript"
					}
				}
			],
			"request": {
				"method": "POST",
				"header": [],
				"body": {
					"mode": "raw",
					"raw": "{{jsonbody}}",
					"options": {
						"raw": {
							"language": "json"
						}
					}
				},
				"url": {
					"raw": "{{url}}/summary",
					"host": [
						"{{url}}"
					],
					"path": [
						"summary"
					]
				}
			},
			"response": []
		}
	]
}