[
    {
        "segmentId": 142,
        "name": "Shop and stop",
        "placeType": "foursquare",
        "placeId": 6552482
    },
    {
        "segmentId": 143,
        "name": "Olive Garden",
        "placeType": "restaurant",
        "placeId": 6552567
    },
    {
        "segmentId": 144,
        "name": "Costco",
        "placeType": "wholesale",
        "placeId": 6552478
    },
    {
        "segmentId": 145,
        "name": "DickSport",
        "placeType": "sport",
        "placeId": 6552479
    }
]